{
  "dataset": "lmms-lab/ScienceQA ScienceQA-IMG (test)",
  "benchmark": "scienceqa",
  "model": "google/gemma-4-e4b-it",
  "method": "nprune",
  "num_samples": 2017,
  "seed": 0,
  "manifest": "/home/younes/hiprune/benchmarks/scienceqa_methods/sample_manifest.json",
  "results": [
    {
      "method": "nprune",
      "label": "stride2",
      "requested_keep": 0.25,
      "ratio": 0.25,
      "num_samples": 2017,
      "accuracy": 0.7853247397124442,
      "invalid": 19,
      "parse_failure_rate": 0.009419930589985127,
      "per_subject_accuracy": {
        "language science": 0.9318181818181818,
        "natural science": 0.782464846980976,
        "social science": 0.7814136125654451
      },
      "per_category_accuracy": {
        "Adaptations": 0.9693877551020408,
        "Ancient Egypt and Kush": 1.0,
        "Ancient Mesopotamia": 1.0,
        "Animals": 1.0,
        "Astronomy": 0.6666666666666666,
        "Atoms and molecules": 0.9487179487179487,
        "Basic economic principles": 0.8028169014084507,
        "Cells": 1.0,
        "Chemical reactions": 1.0,
        "Cities": 0.5,
        "Classification": 0.9873417721518988,
        "Classification and scientific names": 1.0,
        "Climate change": 1.0,
        "Colonial America": 0.4473684210526316,
        "Context clues": 1.0,
        "Descriptive details": 1.0,
        "Designing experiments": 1.0,
        "Domain-specific vocabulary": 0.75,
        "Early 19th century American history": 1.0,
        "Earth events": 1.0,
        "Ecological interactions": 0.5,
        "Ecosystems": 0.7945205479452054,
        "Engineering practices": 0.9818181818181818,
        "English colonies in North America": 0.41025641025641024,
        "Force and motion": 1.0,
        "Fossils": 0.7727272727272727,
        "Genes to traits": 0.34210526315789475,
        "Geography": 0.8095238095238095,
        "Government": 1.0,
        "Greece": 1.0,
        "Independent reading comprehension": 1.0,
        "Informational texts: level 1": 1.0,
        "Kinetic and potential energy": 1.0,
        "Magnets": 0.4,
        "Maps": 0.8043478260869565,
        "Materials": 0.9790209790209791,
        "Medieval Asia": 1.0,
        "Oceania: geography": 0.4117647058823529,
        "Oceans and continents": 0.8947368421052632,
        "Oceans and continents\t": 0.75,
        "Particle motion and energy": 0.07317073170731707,
        "Persuasive strategies": 0.8181818181818182,
        "Photosynthesis": 1.0,
        "Physical Geography": 0.7843137254901961,
        "Plant reproduction": 1.0,
        "Plants": 0.5,
        "Plate tectonics": 1.0,
        "Read-alone texts": 1.0,
        "Rocks and minerals": 0.9655172413793104,
        "Scientific names": 1.0,
        "Solutions": 0.5185185185185185,
        "State capitals": 0.9935897435897436,
        "States": 0.4444444444444444,
        "States of matter": 1.0,
        "The American Revolution": 1.0,
        "The Americas: geography": 0.3333333333333333,
        "The Antebellum period": 1.0,
        "The Civil War and Reconstruction": 1.0,
        "Thermal energy": 0.8181818181818182,
        "Topographic maps": 1.0,
        "Velocity, acceleration, and forces": 0.45161290322580644,
        "Visual elements": 1.0,
        "Water cycle": 1.0,
        "Weather and climate": 0.7931034482758621,
        "World religions": 1.0
      },
      "per_grade_accuracy": {
        "grade1": 1.0,
        "grade12": 0.6,
        "grade2": 0.8547008547008547,
        "grade3": 0.9005847953216374,
        "grade4": 0.8614958448753463,
        "grade5": 0.8422619047619048,
        "grade6": 0.7084870848708487,
        "grade7": 0.693950177935943,
        "grade8": 0.6291390728476821
      },
      "mean_prompt_tokens": 159.1244422409519,
      "mean_original_tokens": 261.82845810609814,
      "mean_retained_tokens": 68.11155180961825,
      "median_retained_tokens": 69,
      "min_retained_tokens": 63,
      "max_retained_tokens": 80,
      "mean_effective_keep": 0.26016999983315625,
      "metadata_missing": 0,
      "accuracy_pass_seconds": 58.71389627997996,
      "stride": 2
    }
  ]
}