{
  "dataset": "lmms-lab/POPE (test)",
  "benchmark": "pope",
  "model": "google/gemma-4-e4b-it",
  "method": "anchorprune",
  "num_samples": 396,
  "seed": 0,
  "manifest": "/home/younes/hiprune/benchmarks/pope_methods/sample_manifest.json",
  "results": [
    {
      "method": "anchorprune",
      "label": "0.75",
      "requested_keep": 0.75,
      "ratio": 0.75,
      "num_samples": 396,
      "accuracy": 0.8762626262626263,
      "precision": 0.9027027027027027,
      "recall": 0.8434343434343434,
      "f1": 0.8720626631853785,
      "yes_rate": 0.4671717171717172,
      "invalid": 0,
      "per_category_accuracy": {
        "adversarial": 0.8636363636363636,
        "popular": 0.8787878787878788,
        "random": 0.8863636363636364
      },
      "mean_prompt_tokens": 221.4090909090909,
      "mean_original_tokens": 262.719696969697,
      "mean_retained_tokens": 197.2449494949495,
      "median_retained_tokens": 195.0,
      "min_retained_tokens": 189,
      "max_retained_tokens": 205,
      "mean_effective_keep": 0.7507713532438335,
      "metadata_missing": 0,
      "accuracy_pass_seconds": 22.16822870701435
    },
    {
      "method": "anchorprune",
      "label": "0.50",
      "requested_keep": 0.5,
      "ratio": 0.5,
      "num_samples": 396,
      "accuracy": 0.8712121212121212,
      "precision": 0.893048128342246,
      "recall": 0.8434343434343434,
      "f1": 0.8675324675324676,
      "yes_rate": 0.4722222222222222,
      "invalid": 0,
      "per_category_accuracy": {
        "adversarial": 0.8636363636363636,
        "popular": 0.8712121212121212,
        "random": 0.8787878787878788
      },
      "mean_prompt_tokens": 155.52272727272728,
      "mean_original_tokens": 262.719696969697,
      "mean_retained_tokens": 131.35858585858585,
      "median_retained_tokens": 130.0,
      "min_retained_tokens": 126,
      "max_retained_tokens": 136,
      "mean_effective_keep": 0.4999963544081191,
      "metadata_missing": 0,
      "accuracy_pass_seconds": 20.606662740989123
    },
    {
      "method": "anchorprune",
      "label": "0.25",
      "requested_keep": 0.25,
      "ratio": 0.25,
      "num_samples": 396,
      "accuracy": 0.8636363636363636,
      "precision": 0.8913043478260869,
      "recall": 0.8282828282828283,
      "f1": 0.8586387434554974,
      "yes_rate": 0.46464646464646464,
      "invalid": 0,
      "per_category_accuracy": {
        "adversarial": 0.8257575757575758,
        "popular": 0.8787878787878788,
        "random": 0.8863636363636364
      },
      "mean_prompt_tokens": 89.63888888888889,
      "mean_original_tokens": 262.719696969697,
      "mean_retained_tokens": 65.47474747474747,
      "median_retained_tokens": 65.0,
      "min_retained_tokens": 63,
      "max_retained_tokens": 68,
      "mean_effective_keep": 0.24922864675616652,
      "metadata_missing": 0,
      "accuracy_pass_seconds": 18.407188974000746
    },
    {
      "method": "anchorprune",
      "label": "0.14",
      "requested_keep": 0.14,
      "ratio": 0.14,
      "num_samples": 396,
      "accuracy": 0.8308080808080808,
      "precision": 0.906832298136646,
      "recall": 0.7373737373737373,
      "f1": 0.8133704735376044,
      "yes_rate": 0.4065656565656566,
      "invalid": 0,
      "per_category_accuracy": {
        "adversarial": 0.7803030303030303,
        "popular": 0.8560606060606061,
        "random": 0.8560606060606061
      },
      "mean_prompt_tokens": 60.666666666666664,
      "mean_original_tokens": 262.719696969697,
      "mean_retained_tokens": 36.50252525252525,
      "median_retained_tokens": 36.0,
      "min_retained_tokens": 35,
      "max_retained_tokens": 38,
      "mean_effective_keep": 0.13893848180342183,
      "metadata_missing": 0,
      "accuracy_pass_seconds": 17.960225987015292
    }
  ]
}