{
  "dataset": "lmms-lab/ScienceQA ScienceQA-IMG (test)",
  "benchmark": "scienceqa",
  "model": "google/gemma-4-e4b-it",
  "method": "hydart",
  "num_samples": 2017,
  "seed": 0,
  "manifest": "/home/younes/hiprune/benchmarks/scienceqa_methods/sample_manifest.json",
  "results": [
    {
      "method": "hydart",
      "label": "0.75",
      "requested_keep": 0.75,
      "ratio": 0.75,
      "num_samples": 2017,
      "accuracy": 0.7803668815071889,
      "invalid": 60,
      "parse_failure_rate": 0.029747149231531978,
      "per_subject_accuracy": {
        "language science": 0.9318181818181818,
        "natural science": 0.794044665012407,
        "social science": 0.75
      },
      "per_category_accuracy": {
        "Adaptations": 0.9489795918367347,
        "Ancient Egypt and Kush": 1.0,
        "Ancient Mesopotamia": 1.0,
        "Animals": 1.0,
        "Astronomy": 0.5555555555555556,
        "Atoms and molecules": 1.0,
        "Basic economic principles": 0.3380281690140845,
        "Cells": 1.0,
        "Chemical reactions": 1.0,
        "Cities": 0.8333333333333334,
        "Classification": 0.9873417721518988,
        "Classification and scientific names": 1.0,
        "Climate change": 1.0,
        "Colonial America": 0.5526315789473685,
        "Context clues": 1.0,
        "Descriptive details": 1.0,
        "Designing experiments": 1.0,
        "Domain-specific vocabulary": 0.75,
        "Early 19th century American history": 1.0,
        "Earth events": 1.0,
        "Ecological interactions": 0.5833333333333334,
        "Ecosystems": 0.7808219178082192,
        "Engineering practices": 0.9818181818181818,
        "English colonies in North America": 0.46153846153846156,
        "Force and motion": 1.0,
        "Fossils": 0.8636363636363636,
        "Genes to traits": 0.39473684210526316,
        "Geography": 0.8809523809523809,
        "Government": 1.0,
        "Greece": 1.0,
        "Independent reading comprehension": 1.0,
        "Informational texts: level 1": 1.0,
        "Kinetic and potential energy": 1.0,
        "Magnets": 0.41818181818181815,
        "Maps": 0.782608695652174,
        "Materials": 0.972027972027972,
        "Medieval Asia": 1.0,
        "Oceania: geography": 0.3333333333333333,
        "Oceans and continents": 0.8947368421052632,
        "Oceans and continents\t": 1.0,
        "Particle motion and energy": 0.3902439024390244,
        "Persuasive strategies": 1.0,
        "Photosynthesis": 1.0,
        "Physical Geography": 0.8235294117647058,
        "Plant reproduction": 1.0,
        "Plants": 0.5,
        "Plate tectonics": 1.0,
        "Read-alone texts": 1.0,
        "Rocks and minerals": 0.9310344827586207,
        "Scientific names": 1.0,
        "Solutions": 0.5740740740740741,
        "State capitals": 0.9903846153846154,
        "States": 0.6111111111111112,
        "States of matter": 1.0,
        "The American Revolution": 1.0,
        "The Americas: geography": 0.24444444444444444,
        "The Antebellum period": 1.0,
        "The Civil War and Reconstruction": 1.0,
        "Thermal energy": 0.7727272727272727,
        "Topographic maps": 1.0,
        "Velocity, acceleration, and forces": 0.3387096774193548,
        "Visual elements": 0.7777777777777778,
        "Water cycle": 1.0,
        "Weather and climate": 0.8793103448275862,
        "World religions": 1.0
      },
      "per_grade_accuracy": {
        "grade1": 1.0,
        "grade12": 1.0,
        "grade2": 0.905982905982906,
        "grade3": 0.8947368421052632,
        "grade4": 0.8670360110803325,
        "grade5": 0.8601190476190477,
        "grade6": 0.7047970479704797,
        "grade7": 0.6227758007117438,
        "grade8": 0.6192052980132451
      },
      "mean_prompt_tokens": 287.4397620228061,
      "mean_original_tokens": 261.82845810609814,
      "mean_retained_tokens": 196.4268715914725,
      "median_retained_tokens": 198,
      "min_retained_tokens": 172,
      "max_retained_tokens": 210,
      "mean_effective_keep": 0.7502124865400595,
      "metadata_missing": 0,
      "accuracy_pass_seconds": 115.97100427100668
    },
    {
      "method": "hydart",
      "label": "0.50",
      "requested_keep": 0.5,
      "ratio": 0.5,
      "num_samples": 2017,
      "accuracy": 0.7947446703024293,
      "invalid": 49,
      "parse_failure_rate": 0.024293505205751114,
      "per_subject_accuracy": {
        "language science": 0.9318181818181818,
        "natural science": 0.8072787427626137,
        "social science": 0.7670157068062827
      },
      "per_category_accuracy": {
        "Adaptations": 0.9693877551020408,
        "Ancient Egypt and Kush": 1.0,
        "Ancient Mesopotamia": 1.0,
        "Animals": 1.0,
        "Astronomy": 0.6388888888888888,
        "Atoms and molecules": 1.0,
        "Basic economic principles": 0.4507042253521127,
        "Cells": 1.0,
        "Chemical reactions": 1.0,
        "Cities": 0.8333333333333334,
        "Classification": 0.9873417721518988,
        "Classification and scientific names": 1.0,
        "Climate change": 1.0,
        "Colonial America": 0.5263157894736842,
        "Context clues": 0.8,
        "Descriptive details": 1.0,
        "Designing experiments": 1.0,
        "Domain-specific vocabulary": 1.0,
        "Early 19th century American history": 1.0,
        "Earth events": 1.0,
        "Ecological interactions": 0.7083333333333334,
        "Ecosystems": 0.8082191780821918,
        "Engineering practices": 0.9818181818181818,
        "English colonies in North America": 0.46153846153846156,
        "Force and motion": 1.0,
        "Fossils": 0.8636363636363636,
        "Genes to traits": 0.3684210526315789,
        "Geography": 0.9047619047619048,
        "Government": 1.0,
        "Greece": 1.0,
        "Independent reading comprehension": 1.0,
        "Informational texts: level 1": 1.0,
        "Kinetic and potential energy": 1.0,
        "Magnets": 0.4636363636363636,
        "Maps": 0.8043478260869565,
        "Materials": 0.9790209790209791,
        "Medieval Asia": 1.0,
        "Oceania: geography": 0.3333333333333333,
        "Oceans and continents": 0.8947368421052632,
        "Oceans and continents\t": 1.0,
        "Particle motion and energy": 0.4634146341463415,
        "Persuasive strategies": 1.0,
        "Photosynthesis": 1.0,
        "Physical Geography": 0.8823529411764706,
        "Plant reproduction": 1.0,
        "Plants": 0.5,
        "Plate tectonics": 1.0,
        "Read-alone texts": 1.0,
        "Rocks and minerals": 0.9310344827586207,
        "Scientific names": 1.0,
        "Solutions": 0.5555555555555556,
        "State capitals": 0.9903846153846154,
        "States": 0.5,
        "States of matter": 1.0,
        "The American Revolution": 1.0,
        "The Americas: geography": 0.3111111111111111,
        "The Antebellum period": 1.0,
        "The Civil War and Reconstruction": 1.0,
        "Thermal energy": 0.7272727272727273,
        "Topographic maps": 1.0,
        "Velocity, acceleration, and forces": 0.3225806451612903,
        "Visual elements": 0.7777777777777778,
        "Water cycle": 1.0,
        "Weather and climate": 0.896551724137931,
        "World religions": 1.0
      },
      "per_grade_accuracy": {
        "grade1": 1.0,
        "grade12": 1.0,
        "grade2": 0.9316239316239316,
        "grade3": 0.9122807017543859,
        "grade4": 0.8725761772853186,
        "grade5": 0.8630952380952381,
        "grade6": 0.7158671586715867,
        "grade7": 0.6654804270462633,
        "grade8": 0.6258278145695364
      },
      "mean_prompt_tokens": 221.90233019335648,
      "mean_original_tokens": 261.82845810609814,
      "mean_retained_tokens": 130.88943976202282,
      "median_retained_tokens": 132,
      "min_retained_tokens": 115,
      "max_retained_tokens": 140,
      "mean_effective_keep": 0.49990251612547454,
      "metadata_missing": 0,