{
  "dataset": "lmms-lab/ScienceQA ScienceQA-IMG (test)",
  "benchmark": "scienceqa",
  "model": "google/gemma-4-e4b-it",
  "method": "dart",
  "num_samples": 2017,
  "seed": 0,
  "manifest": "/home/younes/hiprune/benchmarks/scienceqa_methods/sample_manifest.json",
  "results": [
    {
      "method": "dart",
      "label": "0.75",
      "requested_keep": 0.75,
      "ratio": 0.75,
      "num_samples": 2017,
      "accuracy": 0.7773921665840356,
      "invalid": 55,
      "parse_failure_rate": 0.027268220128904314,
      "per_subject_accuracy": {
        "language science": 0.9318181818181818,
        "natural science": 0.7956989247311828,
        "social science": 0.7395287958115183
      },
      "per_category_accuracy": {
        "Adaptations": 0.9387755102040817,
        "Ancient Egypt and Kush": 1.0,
        "Ancient Mesopotamia": 1.0,
        "Animals": 1.0,
        "Astronomy": 0.6388888888888888,
        "Atoms and molecules": 1.0,
        "Basic economic principles": 0.352112676056338,
        "Cells": 1.0,
        "Chemical reactions": 1.0,
        "Cities": 0.75,
        "Classification": 0.9873417721518988,
        "Classification and scientific names": 1.0,
        "Climate change": 1.0,
        "Colonial America": 0.34210526315789475,
        "Context clues": 0.8,
        "Descriptive details": 1.0,
        "Designing experiments": 1.0,
        "Domain-specific vocabulary": 0.75,
        "Early 19th century American history": 1.0,
        "Earth events": 1.0,
        "Ecological interactions": 0.6666666666666666,
        "Ecosystems": 0.821917808219178,
        "Engineering practices": 0.9818181818181818,
        "English colonies in North America": 0.41025641025641024,
        "Force and motion": 1.0,
        "Fossils": 0.8181818181818182,
        "Genes to traits": 0.3684210526315789,
        "Geography": 0.8809523809523809,
        "Government": 1.0,
        "Greece": 1.0,
        "Independent reading comprehension": 1.0,
        "Informational texts: level 1": 1.0,
        "Kinetic and potential energy": 1.0,
        "Magnets": 0.45454545454545453,
        "Maps": 0.8260869565217391,
        "Materials": 0.965034965034965,
        "Medieval Asia": 1.0,
        "Oceania: geography": 0.37254901960784315,
        "Oceans and continents": 0.8947368421052632,
        "Oceans and continents\t": 1.0,
        "Particle motion and energy": 0.3902439024390244,
        "Persuasive strategies": 1.0,
        "Photosynthesis": 1.0,
        "Physical Geography": 0.7843137254901961,
        "Plant reproduction": 1.0,
        "Plants": 0.5,
        "Plate tectonics": 1.0,
        "Read-alone texts": 1.0,
        "Rocks and minerals": 0.896551724137931,
        "Scientific names": 1.0,
        "Solutions": 0.48148148148148145,
        "State capitals": 0.9871794871794872,
        "States": 0.6111111111111112,
        "States of matter": 1.0,
        "The American Revolution": 1.0,
        "The Americas: geography": 0.26666666666666666,
        "The Antebellum period": 1.0,
        "The Civil War and Reconstruction": 1.0,
        "Thermal energy": 0.7727272727272727,
        "Topographic maps": 1.0,
        "Velocity, acceleration, and forces": 0.3387096774193548,
        "Visual elements": 0.8888888888888888,
        "Water cycle": 1.0,
        "Weather and climate": 0.8793103448275862,
        "World religions": 1.0
      },
      "per_grade_accuracy": {
        "grade1": 1.0,
        "grade12": 1.0,
        "grade2": 0.9230769230769231,
        "grade3": 0.8947368421052632,
        "grade4": 0.8753462603878116,
        "grade5": 0.8601190476190477,
        "grade6": 0.7047970479704797,
        "grade7": 0.6192170818505338,
        "grade8": 0.5860927152317881
      },
      "mean_prompt_tokens": 286.9692612791274,
      "mean_original_tokens": 261.82845810609814,
      "mean_retained_tokens": 195.95637084779375,
      "median_retained_tokens": 196,
      "min_retained_tokens": 172,
      "max_retained_tokens": 212,
      "mean_effective_keep": 0.7485011537951304,
      "metadata_missing": 0,
      "accuracy_pass_seconds": 75.21890240799985
    },
    {
      "method": "dart",
      "label": "0.50",
      "requested_keep": 0.5,
      "ratio": 0.5,
      "num_samples": 2017,
      "accuracy": 0.7848289538919186,
      "invalid": 38,
      "parse_failure_rate": 0.018839861179970253,
      "per_subject_accuracy": {
        "language science": 0.9318181818181818,
        "natural science": 0.8064516129032258,
        "social science": 0.7421465968586387
      },
      "per_category_accuracy": {
        "Adaptations": 0.9591836734693877,
        "Ancient Egypt and Kush": 1.0,
        "Ancient Mesopotamia": 0.5,
        "Animals": 1.0,
        "Astronomy": 0.6388888888888888,
        "Atoms and molecules": 0.9487179487179487,
        "Basic economic principles": 0.647887323943662,
        "Cells": 1.0,
        "Chemical reactions": 1.0,
        "Cities": 0.5,
        "Classification": 0.9873417721518988,
        "Classification and scientific names": 1.0,
        "Climate change": 1.0,
        "Colonial America": 0.3684210526315789,
        "Context clues": 0.8,
        "Descriptive details": 1.0,
        "Designing experiments": 1.0,
        "Domain-specific vocabulary": 0.75,
        "Early 19th century American history": 1.0,
        "Earth events": 1.0,
        "Ecological interactions": 0.7916666666666666,
        "Ecosystems": 0.821917808219178,
        "Engineering practices": 0.9818181818181818,
        "English colonies in North America": 0.41025641025641024,
        "Force and motion": 1.0,
        "Fossils": 0.8181818181818182,
        "Genes to traits": 0.3684210526315789,
        "Geography": 0.8333333333333334,
        "Government": 1.0,
        "Greece": 1.0,
        "Independent reading comprehension": 1.0,
        "Informational texts: level 1": 1.0,
        "Kinetic and potential energy": 1.0,
        "Magnets": 0.4818181818181818,
        "Maps": 0.8478260869565217,
        "Materials": 0.965034965034965,
        "Medieval Asia": 0.5,
        "Oceania: geography": 0.39215686274509803,
        "Oceans and continents": 0.6842105263157895,
        "Oceans and continents\t": 0.75,
        "Particle motion and energy": 0.5365853658536586,
        "Persuasive strategies": 1.0,
        "Photosynthesis": 1.0,
        "Physical Geography": 0.7254901960784313,
        "Plant reproduction": 1.0,
        "Plants": 0.5,
        "Plate tectonics": 1.0,
        "Read-alone texts": 1.0,
        "Rocks and minerals": 0.9655172413793104,
        "Scientific names": 1.0,
        "Solutions": 0.5185185185185185,
        "State capitals": 0.9871794871794872,
        "States": 0.3333333333333333,
        "States of matter": 1.0,
        "The American Revolution": 1.0,
        "The Americas: geography": 0.2222222222222222,
        "The Antebellum period": 1.0,
        "The Civil War and Reconstruction": 1.0,
        "Thermal energy": 0.7272727272727273,
        "Topographic maps": 1.0,
        "Velocity, acceleration, and forces": 0.3387096774193548,
        "Visual elements": 0.8888888888888888,
        "Water cycle": 1.0,
        "Weather and climate": 0.8448275862068966,
        "World religions": 1.0
      },
      "per_grade_accuracy": {
        "grade1": 1.0,
        "grade12": 1.0,
        "grade2": 0.8888888888888888,
        "grade3": 0.9093567251461988,
        "grade4": 0.8753462603878116,
        "grade5": 0.8273809523809523,
        "grade6": 0.7306273062730627,
        "grade7": 0.6583629893238434,
        "grade8": 0.609271523178808
      },
      "mean_prompt_tokens": 222.15617253346554,
      "mean_original_tokens": 261.82845810609814,
      "mean_retained_tokens": 131.14328210213188,
      "median_retained_tokens": 132,
      "min_retained_tokens": 116,
      "max_retained_tokens": 140,
      "mean_effective_keep": 0.5009352360294452,
      "metadata_missing": 0,