{
  "dataset": "lmms-lab/POPE (test)",
  "benchmark": "pope",
  "model": "google/gemma-4-e4b-it",
  "method": "hiprune",
  "num_samples": 396,
  "seed": 0,
  "manifest": "/home/younes/hiprune/benchmarks/pope_methods/sample_manifest.json",
  "results": [
    {
      "method": "hiprune",
      "label": "0.75",
      "requested_keep": 0.75,
      "ratio": 0.75,
      "num_samples": 396,
      "accuracy": 0.8636363636363636,
      "precision": 0.8913043478260869,
      "recall": 0.8282828282828283,
      "f1": 0.8586387434554974,
      "yes_rate": 0.46464646464646464,
      "invalid": 0,
      "per_category_accuracy": {
        "adversarial": 0.8409090909090909,
        "popular": 0.8636363636363636,
        "random": 0.8863636363636364
      },
      "mean_prompt_tokens": 221.4090909090909,
      "mean_original_tokens": 262.719696969697,
      "mean_retained_tokens": 197.2449494949495,
      "median_retained_tokens": 195.0,
      "min_retained_tokens": 189,
      "max_retained_tokens": 205,
      "mean_effective_keep": 0.7507713532438335,
      "metadata_missing": 0,
      "accuracy_pass_seconds": 16.523847650008975
    },
    {
      "method": "hiprune",
      "label": "0.50",
      "requested_keep": 0.5,
      "ratio": 0.5,
      "num_samples": 396,
      "accuracy": 0.8535353535353535,
      "precision": 0.9022988505747126,
      "recall": 0.7929292929292929,
      "f1": 0.8440860215053764,
      "yes_rate": 0.4393939393939394,
      "invalid": 0,
      "per_category_accuracy": {
        "adversarial": 0.8484848484848485,
        "popular": 0.8409090909090909,
        "random": 0.8712121212121212
      },
      "mean_prompt_tokens": 155.52272727272728,
      "mean_original_tokens": 262.719696969697,
      "mean_retained_tokens": 131.35858585858585,
      "median_retained_tokens": 130.0,
      "min_retained_tokens": 126,
      "max_retained_tokens": 136,
      "mean_effective_keep": 0.4999963544081191,
      "metadata_missing": 0,
      "accuracy_pass_seconds": 15.736464279005304
    },
    {
      "method": "hiprune",
      "label": "0.25",
      "requested_keep": 0.25,
      "ratio": 0.25,
      "num_samples": 396,
      "accuracy": 0.8409090909090909,
      "precision": 0.9041916167664671,
      "recall": 0.7626262626262627,
      "f1": 0.8273972602739725,
      "yes_rate": 0.4217171717171717,
      "invalid": 0,
      "per_category_accuracy": {
        "adversarial": 0.7954545454545454,
        "popular": 0.8560606060606061,
        "random": 0.8712121212121212
      },
      "mean_prompt_tokens": 89.63888888888889,
      "mean_original_tokens": 262.719696969697,
      "mean_retained_tokens": 65.47474747474747,
      "median_retained_tokens": 65.0,
      "min_retained_tokens": 63,
      "max_retained_tokens": 68,
      "mean_effective_keep": 0.24922864675616652,
      "metadata_missing": 0,
      "accuracy_pass_seconds": 14.688913054007571
    },
    {
      "method": "hiprune",
      "label": "0.14",
      "requested_keep": 0.14,
      "ratio": 0.14,
      "num_samples": 396,
      "accuracy": 0.7727272727272727,
      "precision": 0.86,
      "recall": 0.6515151515151515,
      "f1": 0.7413793103448276,
      "yes_rate": 0.3787878787878788,
      "invalid": 0,
      "per_category_accuracy": {
        "adversarial": 0.7424242424242424,
        "popular": 0.7803030303030303,
        "random": 0.7954545454545454
      },
      "mean_prompt_tokens": 60.666666666666664,
      "mean_original_tokens": 262.719696969697,
      "mean_retained_tokens": 36.50252525252525,
      "median_retained_tokens": 36.0,
      "min_retained_tokens": 35,
      "max_retained_tokens": 38,
      "mean_effective_keep": 0.13893848180342183,
      "metadata_missing": 0,
      "accuracy_pass_seconds": 13.215059790003579
    }
  ]
}