{
  "dataset": "lmms-lab/POPE (test)",
  "benchmark": "pope",
  "model": "google/gemma-4-e4b-it",
  "method": "hiprune_pp",
  "num_samples": 396,
  "seed": 0,
  "manifest": "/home/younes/hiprune/benchmarks/pope_methods/sample_manifest.json",
  "results": [
    {
      "method": "hiprune_pp",
      "label": "0.75",
      "requested_keep": 0.75,
      "ratio": 0.75,
      "num_samples": 396,
      "accuracy": 0.8636363636363636,
      "precision": 0.8956043956043956,
      "recall": 0.8232323232323232,
      "f1": 0.8578947368421053,
      "yes_rate": 0.4595959595959596,
      "invalid": 0,
      "per_category_accuracy": {
        "adversarial": 0.8484848484848485,
        "popular": 0.8636363636363636,
        "random": 0.8787878787878788
      },
      "mean_prompt_tokens": 241.34595959595958,
      "mean_original_tokens": 262.719696969697,
      "mean_retained_tokens": 217.1919191919192,
      "median_retained_tokens": 215.0,
      "min_retained_tokens": 208,
      "max_retained_tokens": 226,
      "mean_effective_keep": 0.8267036537491302,
      "metadata_missing": 0,
      "accuracy_pass_seconds": 17.532537255989155
    },
    {
      "method": "hiprune_pp",
      "label": "0.50",
      "requested_keep": 0.5,
      "ratio": 0.5,
      "num_samples": 396,
      "accuracy": 0.8560606060606061,
      "precision": 0.9028571428571428,
      "recall": 0.797979797979798,
      "f1": 0.8471849865951743,
      "yes_rate": 0.44191919191919193,
      "invalid": 0,
      "per_category_accuracy": {
        "adversarial": 0.8636363636363636,
        "popular": 0.8333333333333334,
        "random": 0.8712121212121212
      },
      "mean_prompt_tokens": 168.5580808080808,
      "mean_original_tokens": 262.719696969697,
      "mean_retained_tokens": 144.3939393939394,
      "median_retained_tokens": 143.0,
      "min_retained_tokens": 139,
      "max_retained_tokens": 150,
      "mean_effective_keep": 0.5496198740557356,
      "metadata_missing": 0,
      "accuracy_pass_seconds": 17.250927885004785
    },
    {
      "method": "hiprune_pp",
      "label": "0.25",
      "requested_keep": 0.25,
      "ratio": 0.25,
      "num_samples": 396,
      "accuracy": 0.8333333333333334,
      "precision": 0.8975903614457831,
      "recall": 0.7525252525252525,
      "f1": 0.8186813186813185,
      "yes_rate": 0.41919191919191917,
      "invalid": 0,
      "per_category_accuracy": {
        "adversarial": 0.8181818181818182,
        "popular": 0.8484848484848485,
        "random": 0.8333333333333334
      },
      "mean_prompt_tokens": 96.12626262626263,
      "mean_original_tokens": 262.719696969697,
      "mean_retained_tokens": 72.41161616161617,
      "median_retained_tokens": 72.0,
      "min_retained_tokens": 69,
      "max_retained_tokens": 75,
      "mean_effective_keep": 0.2756308179441652,
      "metadata_missing": 0,
      "accuracy_pass_seconds": 17.699817536980845
    },
    {
      "method": "hiprune_pp",
      "label": "0.14",
      "requested_keep": 0.14,
      "ratio": 0.14,
      "num_samples": 396,
      "accuracy": 0.7651515151515151,
      "precision": 0.8620689655172413,
      "recall": 0.6313131313131313,
      "f1": 0.7288629737609329,
      "yes_rate": 0.3661616161616162,
      "invalid": 0,
      "per_category_accuracy": {
        "adversarial": 0.7272727272727273,
        "popular": 0.7727272727272727,
        "random": 0.7954545454545454
      },
      "mean_prompt_tokens": 64.66666666666667,
      "mean_original_tokens": 262.719696969697,
      "mean_retained_tokens": 40.50252525252525,
      "median_retained_tokens": 40.0,
      "min_retained_tokens": 39,
      "max_retained_tokens": 42,
      "mean_effective_keep": 0.15416713696659048,
      "metadata_missing": 0,
      "accuracy_pass_seconds": 17.5538745780068
    }
  ]
}