{
  "dataset": "lmms-lab/POPE (test)",
  "benchmark": "pope",
  "model": "google/gemma-4-e4b-it",
  "method": "hydart",
  "num_samples": 396,
  "seed": 0,
  "manifest": "/home/younes/hiprune/benchmarks/pope_methods/sample_manifest.json",
  "results": [
    {
      "method": "hydart",
      "label": "0.75",
      "requested_keep": 0.75,
      "ratio": 0.75,
      "num_samples": 396,
      "accuracy": 0.8585858585858586,
      "precision": 0.8901098901098901,
      "recall": 0.8181818181818182,
      "f1": 0.8526315789473683,
      "yes_rate": 0.4595959595959596,
      "invalid": 0,
      "per_category_accuracy": {
        "adversarial": 0.8257575757575758,
        "popular": 0.8636363636363636,
        "random": 0.8863636363636364
      },
      "mean_prompt_tokens": 221.4090909090909,
      "mean_original_tokens": 262.719696969697,
      "mean_retained_tokens": 197.2449494949495,
      "median_retained_tokens": 195.0,
      "min_retained_tokens": 189,
      "max_retained_tokens": 205,
      "mean_effective_keep": 0.7507713532438335,
      "metadata_missing": 0,
      "accuracy_pass_seconds": 22.42970033499296
    },
    {
      "method": "hydart",
      "label": "0.50",
      "requested_keep": 0.5,
      "ratio": 0.5,
      "num_samples": 396,
      "accuracy": 0.8409090909090909,
      "precision": 0.8857142857142857,
      "recall": 0.7828282828282829,
      "f1": 0.8310991957104558,
      "yes_rate": 0.44191919191919193,
      "invalid": 0,
      "per_category_accuracy": {
        "adversarial": 0.8257575757575758,
        "popular": 0.8409090909090909,
        "random": 0.8560606060606061
      },
      "mean_prompt_tokens": 155.52272727272728,
      "mean_original_tokens": 262.719696969697,
      "mean_retained_tokens": 131.35858585858585,
      "median_retained_tokens": 130.0,
      "min_retained_tokens": 126,
      "max_retained_tokens": 136,
      "mean_effective_keep": 0.4999963544081191,
      "metadata_missing": 0,
      "accuracy_pass_seconds": 19.618815241003176
    },
    {
      "method": "hydart",
      "label": "0.25",
      "requested_keep": 0.25,
      "ratio": 0.25,
      "num_samples": 396,
      "accuracy": 0.8409090909090909,
      "precision": 0.8994082840236687,
      "recall": 0.7676767676767676,
      "f1": 0.8283378746594006,
      "yes_rate": 0.42676767676767674,
      "invalid": 0,
      "per_category_accuracy": {
        "adversarial": 0.8181818181818182,
        "popular": 0.8257575757575758,
        "random": 0.8787878787878788
      },
      "mean_prompt_tokens": 89.63888888888889,
      "mean_original_tokens": 262.719696969697,
      "mean_retained_tokens": 65.47474747474747,
      "median_retained_tokens": 65.0,
      "min_retained_tokens": 63,
      "max_retained_tokens": 68,
      "mean_effective_keep": 0.24922864675616652,
      "metadata_missing": 0,
      "accuracy_pass_seconds": 16.48725950199878
    },
    {
      "method": "hydart",
      "label": "0.14",
      "requested_keep": 0.14,
      "ratio": 0.14,
      "num_samples": 396,
      "accuracy": 0.8232323232323232,
      "precision": 0.9102564102564102,
      "recall": 0.7171717171717171,
      "f1": 0.8022598870056498,
      "yes_rate": 0.3939393939393939,
      "invalid": 0,
      "per_category_accuracy": {
        "adversarial": 0.7803030303030303,
        "popular": 0.8409090909090909,
        "random": 0.8484848484848485
      },
      "mean_prompt_tokens": 60.666666666666664,
      "mean_original_tokens": 262.719696969697,
      "mean_retained_tokens": 36.50252525252525,
      "median_retained_tokens": 36.0,
      "min_retained_tokens": 35,
      "max_retained_tokens": 38,
      "mean_effective_keep": 0.13893848180342183,
      "metadata_missing": 0,
      "accuracy_pass_seconds": 14.103229300002567
    }
  ]
}