{
  "dataset": "lmms-lab/ScienceQA ScienceQA-IMG (test)",
  "benchmark": "scienceqa",
  "model": "google/gemma-4-e4b-it",
  "method": "checkered",
  "num_samples": 2017,
  "seed": 0,
  "manifest": "/home/younes/hiprune/benchmarks/scienceqa_methods/sample_manifest.json",
  "results": [
    {
      "method": "checkered",
      "label": "checkered",
      "requested_keep": 0.5,
      "ratio": 0.5,
      "num_samples": 2017,
      "accuracy": 0.7942488844819038,
      "invalid": 45,
      "parse_failure_rate": 0.022310361923648984,
      "per_subject_accuracy": {
        "language science": 0.9545454545454546,
        "natural science": 0.8089330024813896,
        "social science": 0.7617801047120419
      },
      "per_category_accuracy": {
        "Adaptations": 0.9693877551020408,
        "Ancient Egypt and Kush": 1.0,
        "Ancient Mesopotamia": 1.0,
        "Animals": 1.0,
        "Astronomy": 0.5555555555555556,
        "Atoms and molecules": 0.9743589743589743,
        "Basic economic principles": 0.4788732394366197,
        "Cells": 1.0,
        "Chemical reactions": 1.0,
        "Cities": 0.5833333333333334,
        "Classification": 0.9873417721518988,
        "Classification and scientific names": 1.0,
        "Climate change": 1.0,
        "Colonial America": 0.5,
        "Context clues": 1.0,
        "Descriptive details": 1.0,
        "Designing experiments": 1.0,
        "Domain-specific vocabulary": 0.75,
        "Early 19th century American history": 1.0,
        "Earth events": 1.0,
        "Ecological interactions": 0.625,
        "Ecosystems": 0.8082191780821918,
        "Engineering practices": 0.9818181818181818,
        "English colonies in North America": 0.46153846153846156,
        "Force and motion": 1.0,
        "Fossils": 0.7727272727272727,
        "Genes to traits": 0.3684210526315789,
        "Geography": 0.9285714285714286,
        "Government": 1.0,
        "Greece": 1.0,
        "Independent reading comprehension": 1.0,
        "Informational texts: level 1": 1.0,
        "Kinetic and potential energy": 1.0,
        "Magnets": 0.4636363636363636,
        "Maps": 0.8043478260869565,
        "Materials": 0.965034965034965,
        "Medieval Asia": 0.5,
        "Oceania: geography": 0.4117647058823529,
        "Oceans and continents": 0.8421052631578947,
        "Oceans and continents\t": 1.0,
        "Particle motion and energy": 0.7073170731707317,
        "Persuasive strategies": 1.0,
        "Photosynthesis": 1.0,
        "Physical Geography": 0.8823529411764706,
        "Plant reproduction": 1.0,
        "Plants": 0.5,
        "Plate tectonics": 1.0,
        "Read-alone texts": 1.0,
        "Rocks and minerals": 0.9310344827586207,
        "Scientific names": 1.0,
        "Solutions": 0.5370370370370371,
        "State capitals": 0.9903846153846154,
        "States": 0.4444444444444444,
        "States of matter": 1.0,
        "The American Revolution": 1.0,
        "The Americas: geography": 0.2222222222222222,
        "The Antebellum period": 1.0,
        "The Civil War and Reconstruction": 1.0,
        "Thermal energy": 0.8181818181818182,
        "Topographic maps": 1.0,
        "Velocity, acceleration, and forces": 0.3870967741935484,
        "Visual elements": 0.8888888888888888,
        "Water cycle": 1.0,
        "Weather and climate": 0.8448275862068966,
        "World religions": 1.0
      },
      "per_grade_accuracy": {
        "grade1": 1.0,
        "grade12": 1.0,
        "grade2": 0.8974358974358975,
        "grade3": 0.9122807017543859,
        "grade4": 0.8725761772853186,
        "grade5": 0.8541666666666666,
        "grade6": 0.7269372693726938,
        "grade7": 0.6761565836298933,
        "grade8": 0.6258278145695364
      },
      "mean_prompt_tokens": 221.96975706494794,
      "mean_original_tokens": 261.82845810609814,
      "mean_retained_tokens": 130.95686663361428,
      "median_retained_tokens": 132,
      "min_retained_tokens": 115,
      "max_retained_tokens": 140,
      "mean_effective_keep": 0.5001668214830156,
      "metadata_missing": 0,
      "accuracy_pass_seconds": 61.16212539002299
    }
  ]
}