{
  "dataset": "lmms-lab/POPE (test)",
  "benchmark": "pope",
  "model": "google/gemma-4-e4b-it",
  "method": "dart",
  "num_samples": 396,
  "seed": 0,
  "manifest": "/home/younes/hiprune/benchmarks/pope_methods/sample_manifest.json",
  "results": [
    {
      "method": "dart",
      "label": "0.75",
      "requested_keep": 0.75,
      "ratio": 0.75,
      "num_samples": 396,
      "accuracy": 0.851010101010101,
      "precision": 0.9064327485380117,
      "recall": 0.7828282828282829,
      "f1": 0.8401084010840109,
      "yes_rate": 0.4318181818181818,
      "invalid": 0,
      "per_category_accuracy": {
        "adversarial": 0.8257575757575758,
        "popular": 0.8484848484848485,
        "random": 0.8787878787878788
      },
      "mean_prompt_tokens": 220.2247474747475,
      "mean_original_tokens": 262.719696969697,
      "mean_retained_tokens": 196.06060606060606,
      "median_retained_tokens": 196.0,
      "min_retained_tokens": 188,
      "max_retained_tokens": 204,
      "mean_effective_keep": 0.7463682211332378,
      "metadata_missing": 0,
      "accuracy_pass_seconds": 14.208291982999071
    },
    {
      "method": "dart",
      "label": "0.50",
      "requested_keep": 0.5,
      "ratio": 0.5,
      "num_samples": 396,
      "accuracy": 0.8308080808080808,
      "precision": 0.9337748344370861,
      "recall": 0.7121212121212122,
      "f1": 0.8080229226361032,
      "yes_rate": 0.3813131313131313,
      "invalid": 0,
      "per_category_accuracy": {
        "adversarial": 0.8181818181818182,
        "popular": 0.8333333333333334,
        "random": 0.8409090909090909
      },
      "mean_prompt_tokens": 156.06313131313132,
      "mean_original_tokens": 262.719696969697,
      "mean_retained_tokens": 131.8989898989899,
      "median_retained_tokens": 132.0,
      "min_retained_tokens": 124,
      "max_retained_tokens": 140,
      "mean_effective_keep": 0.5021111601461833,
      "metadata_missing": 0,
      "accuracy_pass_seconds": 14.269978502008598
    },
    {
      "method": "dart",
      "label": "0.25",
      "requested_keep": 0.25,
      "ratio": 0.25,
      "num_samples": 396,
      "accuracy": 0.7424242424242424,
      "precision": 0.9210526315789473,
      "recall": 0.5303030303030303,
      "f1": 0.673076923076923,
      "yes_rate": 0.2878787878787879,
      "invalid": 0,
      "per_category_accuracy": {
        "adversarial": 0.7348484848484849,
        "popular": 0.7272727272727273,
        "random": 0.7651515151515151
      },
      "mean_prompt_tokens": 91.9419191919192,
      "mean_original_tokens": 262.719696969697,
      "mean_retained_tokens": 67.77777777777777,
      "median_retained_tokens": 68.0,
      "min_retained_tokens": 60,
      "max_retained_tokens": 68,
      "mean_effective_keep": 0.2580081329732935,
      "metadata_missing": 0,
      "accuracy_pass_seconds": 13.977771991019836
    },
    {
      "method": "dart",
      "label": "0.14",
      "requested_keep": 0.14,
      "ratio": 0.14,
      "num_samples": 396,
      "accuracy": 0.6944444444444444,
      "precision": 0.9425287356321839,
      "recall": 0.41414141414141414,
      "f1": 0.5754385964912281,
      "yes_rate": 0.2196969696969697,
      "invalid": 0,
      "per_category_accuracy": {
        "adversarial": 0.6893939393939394,
        "popular": 0.6515151515151515,
        "random": 0.7424242424242424
      },
      "mean_prompt_tokens": 60.16414141414141,
      "mean_original_tokens": 262.719696969697,
      "mean_retained_tokens": 36,
      "median_retained_tokens": 36.0,
      "min_retained_tokens": 36,
      "max_retained_tokens": 36,
      "mean_effective_keep": 0.13705789646851776,
      "metadata_missing": 0,
      "accuracy_pass_seconds": 13.832640090986388
    }
  ]
}