{
  "dataset": "lmms-lab/ScienceQA ScienceQA-IMG (test)",
  "benchmark": "scienceqa",
  "model": "google/gemma-4-e4b-it",
  "method": "anchorprune",
  "num_samples": 2017,
  "seed": 0,
  "manifest": "/home/younes/hiprune/benchmarks/scienceqa_methods/sample_manifest.json",
  "results": [
    {
      "method": "anchorprune",
      "label": "0.75",
      "requested_keep": 0.75,
      "ratio": 0.75,
      "num_samples": 2017,
      "accuracy": 0.789786812097174,
      "invalid": 58,
      "parse_failure_rate": 0.02875557759048091,
      "per_subject_accuracy": {
        "language science": 0.9318181818181818,
        "natural science": 0.8081058726220016,
        "social science": 0.7526178010471204
      },
      "per_category_accuracy": {
        "Adaptations": 0.9591836734693877,
        "Ancient Egypt and Kush": 1.0,
        "Ancient Mesopotamia": 1.0,
        "Animals": 1.0,
        "Astronomy": 0.6111111111111112,
        "Atoms and molecules": 1.0,
        "Basic economic principles": 0.36619718309859156,
        "Cells": 1.0,
        "Chemical reactions": 1.0,
        "Cities": 0.75,
        "Classification": 0.9873417721518988,
        "Classification and scientific names": 1.0,
        "Climate change": 1.0,
        "Colonial America": 0.6052631578947368,
        "Context clues": 1.0,
        "Descriptive details": 1.0,
        "Designing experiments": 1.0,
        "Domain-specific vocabulary": 0.75,
        "Early 19th century American history": 1.0,
        "Earth events": 1.0,
        "Ecological interactions": 0.7083333333333334,
        "Ecosystems": 0.821917808219178,
        "Engineering practices": 0.9818181818181818,
        "English colonies in North America": 0.4358974358974359,
        "Force and motion": 1.0,
        "Fossils": 0.7727272727272727,
        "Genes to traits": 0.3684210526315789,
        "Geography": 0.8809523809523809,
        "Government": 1.0,
        "Greece": 1.0,
        "Independent reading comprehension": 1.0,
        "Informational texts: level 1": 1.0,
        "Kinetic and potential energy": 1.0,
        "Magnets": 0.4636363636363636,
        "Maps": 0.782608695652174,
        "Materials": 0.972027972027972,
        "Medieval Asia": 1.0,
        "Oceania: geography": 0.3333333333333333,
        "Oceans and continents": 0.8947368421052632,
        "Oceans and continents\t": 1.0,
        "Particle motion and energy": 0.5853658536585366,
        "Persuasive strategies": 1.0,
        "Photosynthesis": 1.0,
        "Physical Geography": 0.8431372549019608,
        "Plant reproduction": 1.0,
        "Plants": 0.5,
        "Plate tectonics": 1.0,
        "Read-alone texts": 1.0,
        "Rocks and minerals": 0.9310344827586207,
        "Scientific names": 1.0,
        "Solutions": 0.5185185185185185,
        "State capitals": 0.9903846153846154,
        "States": 0.5555555555555556,
        "States of matter": 1.0,
        "The American Revolution": 1.0,
        "The Americas: geography": 0.24444444444444444,
        "The Antebellum period": 1.0,
        "The Civil War and Reconstruction": 1.0,
        "Thermal energy": 0.9090909090909091,
        "Topographic maps": 1.0,
        "Velocity, acceleration, and forces": 0.3064516129032258,
        "Visual elements": 0.7777777777777778,
        "Water cycle": 1.0,
        "Weather and climate": 0.8793103448275862,
        "World religions": 1.0
      },
      "per_grade_accuracy": {
        "grade1": 1.0,
        "grade12": 1.0,
        "grade2": 0.9230769230769231,
        "grade3": 0.9035087719298246,
        "grade4": 0.8698060941828255,
        "grade5": 0.8601190476190477,
        "grade6": 0.7195571955719557,
        "grade7": 0.6725978647686833,
        "grade8": 0.6026490066225165
      },
      "mean_prompt_tokens": 287.4397620228061,
      "mean_original_tokens": 261.82845810609814,
      "mean_retained_tokens": 196.4268715914725,
      "median_retained_tokens": 198,
      "min_retained_tokens": 172,
      "max_retained_tokens": 210,
      "mean_effective_keep": 0.7502124865400595,
      "metadata_missing": 0,
      "accuracy_pass_seconds": 114.59423438299564
    },
    {
      "method": "anchorprune",
      "label": "0.50",
      "requested_keep": 0.5,
      "ratio": 0.5,
      "num_samples": 2017,
      "accuracy": 0.7912741695587506,
      "invalid": 49,
      "parse_failure_rate": 0.024293505205751114,
      "per_subject_accuracy": {
        "language science": 0.9545454545454546,
        "natural science": 0.8039702233250621,
        "social science": 0.7617801047120419
      },
      "per_category_accuracy": {
        "Adaptations": 0.9693877551020408,
        "Ancient Egypt and Kush": 1.0,
        "Ancient Mesopotamia": 1.0,
        "Animals": 1.0,
        "Astronomy": 0.6111111111111112,
        "Atoms and molecules": 1.0,
        "Basic economic principles": 0.4225352112676056,
        "Cells": 1.0,
        "Chemical reactions": 1.0,
        "Cities": 0.75,
        "Classification": 0.9873417721518988,
        "Classification and scientific names": 1.0,
        "Climate change": 1.0,
        "Colonial America": 0.5263157894736842,
        "Context clues": 1.0,
        "Descriptive details": 1.0,
        "Designing experiments": 1.0,
        "Domain-specific vocabulary": 0.75,
        "Early 19th century American history": 1.0,
        "Earth events": 1.0,
        "Ecological interactions": 0.625,
        "Ecosystems": 0.821917808219178,
        "Engineering practices": 0.9818181818181818,
        "English colonies in North America": 0.4358974358974359,
        "Force and motion": 1.0,
        "Fossils": 0.8181818181818182,
        "Genes to traits": 0.34210526315789475,
        "Geography": 0.9285714285714286,
        "Government": 1.0,
        "Greece": 1.0,
        "Independent reading comprehension": 1.0,
        "Informational texts: level 1": 1.0,
        "Kinetic and potential energy": 1.0,
        "Magnets": 0.44545454545454544,
        "Maps": 0.8913043478260869,
        "Materials": 0.9790209790209791,
        "Medieval Asia": 1.0,
        "Oceania: geography": 0.29411764705882354,
        "Oceans and continents": 0.9473684210526315,
        "Oceans and continents\t": 1.0,
        "Particle motion and energy": 0.4634146341463415,
        "Persuasive strategies": 1.0,
        "Photosynthesis": 1.0,
        "Physical Geography": 0.8235294117647058,
        "Plant reproduction": 1.0,
        "Plants": 0.5,
        "Plate tectonics": 1.0,
        "Read-alone texts": 1.0,
        "Rocks and minerals": 0.9310344827586207,
        "Scientific names": 1.0,
        "Solutions": 0.5555555555555556,
        "State capitals": 0.9903846153846154,
        "States": 0.5,
        "States of matter": 1.0,
        "The American Revolution": 1.0,
        "The Americas: geography": 0.28888888888888886,
        "The Antebellum period": 1.0,
        "The Civil War and Reconstruction": 1.0,
        "Thermal energy": 0.7727272727272727,
        "Topographic maps": 1.0,
        "Velocity, acceleration, and forces": 0.3709677419354839,
        "Visual elements": 0.8888888888888888,
        "Water cycle": 1.0,
        "Weather and climate": 0.8620689655172413,
        "World religions": 1.0
      },
      "per_grade_accuracy": {
        "grade1": 1.0,
        "grade12": 1.0,
        "grade2": 0.9230769230769231,
        "grade3": 0.9122807017543859,
        "grade4": 0.8753462603878116,
        "grade5": 0.8690476190476191,
        "grade6": 0.7084870848708487,
        "grade7": 0.6512455516014235,
        "grade8": 0.6158940397350994
      },
      "mean_prompt_tokens": 221.90233019335648,
      "mean_original_tokens": 261.82845810609814,
      "mean_retained_tokens": 130.88943976202282,
      "median_retained_tokens": 132,
      "min_retained_tokens": 115,
      "max_retained_tokens": 140,
      "mean_effective_keep": 0.49990251612547454,
      "metadata_missing": 0,
      "accuracy_pass_seconds": 104.31301789998543
    },
    {
      "method": "anchorprune",