{
  "dataset": "lmms-lab/ScienceQA ScienceQA-IMG (test)",
  "benchmark": "scienceqa",
  "model": "google/gemma-4-e4b-it",
  "method": "hiprune",
  "num_samples": 2017,
  "seed": 0,
  "manifest": "/home/younes/hiprune/benchmarks/scienceqa_methods/sample_manifest.json",
  "results": [
    {
      "method": "hiprune",
      "label": "0.75",
      "requested_keep": 0.75,
      "ratio": 0.75,
      "num_samples": 2017,
      "accuracy": 0.7887952404561229,
      "invalid": 55,
      "parse_failure_rate": 0.027268220128904314,
      "per_subject_accuracy": {
        "language science": 0.9090909090909091,
        "natural science": 0.8056244830438379,
        "social science": 0.7552356020942408
      },
      "per_category_accuracy": {
        "Adaptations": 0.9591836734693877,
        "Ancient Egypt and Kush": 1.0,
        "Ancient Mesopotamia": 1.0,
        "Animals": 1.0,
        "Astronomy": 0.6388888888888888,
        "Atoms and molecules": 1.0,
        "Basic economic principles": 0.4084507042253521,
        "Cells": 1.0,
        "Chemical reactions": 1.0,
        "Cities": 0.75,
        "Classification": 0.9873417721518988,
        "Classification and scientific names": 1.0,
        "Climate change": 1.0,
        "Colonial America": 0.5526315789473685,
        "Context clues": 1.0,
        "Descriptive details": 1.0,
        "Designing experiments": 1.0,
        "Domain-specific vocabulary": 0.75,
        "Early 19th century American history": 1.0,
        "Earth events": 1.0,
        "Ecological interactions": 0.6666666666666666,
        "Ecosystems": 0.8082191780821918,
        "Engineering practices": 0.9818181818181818,
        "English colonies in North America": 0.46153846153846156,
        "Force and motion": 1.0,
        "Fossils": 0.7727272727272727,
        "Genes to traits": 0.3684210526315789,
        "Geography": 0.8809523809523809,
        "Government": 1.0,
        "Greece": 1.0,
        "Independent reading comprehension": 1.0,
        "Informational texts: level 1": 1.0,
        "Kinetic and potential energy": 1.0,
        "Magnets": 0.4818181818181818,
        "Maps": 0.8043478260869565,
        "Materials": 0.965034965034965,
        "Medieval Asia": 1.0,
        "Oceania: geography": 0.3333333333333333,
        "Oceans and continents": 0.8947368421052632,
        "Oceans and continents\t": 1.0,
        "Particle motion and energy": 0.5365853658536586,
        "Persuasive strategies": 1.0,
        "Photosynthesis": 1.0,
        "Physical Geography": 0.8235294117647058,
        "Plant reproduction": 1.0,
        "Plants": 0.5,
        "Plate tectonics": 1.0,
        "Read-alone texts": 1.0,
        "Rocks and minerals": 0.896551724137931,
        "Scientific names": 1.0,
        "Solutions": 0.5,
        "State capitals": 0.9871794871794872,
        "States": 0.5555555555555556,
        "States of matter": 1.0,
        "The American Revolution": 1.0,
        "The Americas: geography": 0.26666666666666666,
        "The Antebellum period": 1.0,
        "The Civil War and Reconstruction": 1.0,
        "Thermal energy": 0.8181818181818182,
        "Topographic maps": 1.0,
        "Velocity, acceleration, and forces": 0.3548387096774194,
        "Visual elements": 0.6666666666666666,
        "Water cycle": 1.0,
        "Weather and climate": 0.8793103448275862,
        "World religions": 1.0
      },
      "per_grade_accuracy": {
        "grade1": 1.0,
        "grade12": 1.0,
        "grade2": 0.9145299145299145,
        "grade3": 0.9093567251461988,
        "grade4": 0.8725761772853186,
        "grade5": 0.8571428571428571,
        "grade6": 0.7084870848708487,
        "grade7": 0.6548042704626335,
        "grade8": 0.6192052980132451
      },
      "mean_prompt_tokens": 287.4397620228061,
      "mean_original_tokens": 261.82845810609814,
      "mean_retained_tokens": 196.4268715914725,
      "median_retained_tokens": 198,
      "min_retained_tokens": 172,
      "max_retained_tokens": 210,
      "mean_effective_keep": 0.7502124865400595,
      "metadata_missing": 0,
      "accuracy_pass_seconds": 84.69623866499751
    },
    {
      "method": "hiprune",
      "label": "0.50",
      "requested_keep": 0.5,
      "ratio": 0.5,
      "num_samples": 2017,
      "accuracy": 0.789786812097174,
      "invalid": 48,
      "parse_failure_rate": 0.023797719385225583,
      "per_subject_accuracy": {
        "language science": 0.9090909090909091,
        "natural science": 0.8081058726220016,
        "social science": 0.7539267015706806
      },
      "per_category_accuracy": {
        "Adaptations": 0.9693877551020408,
        "Ancient Egypt and Kush": 1.0,
        "Ancient Mesopotamia": 1.0,
        "Animals": 1.0,
        "Astronomy": 0.6388888888888888,
        "Atoms and molecules": 1.0,
        "Basic economic principles": 0.4647887323943662,
        "Cells": 1.0,
        "Chemical reactions": 1.0,
        "Cities": 0.8333333333333334,
        "Classification": 0.9873417721518988,
        "Classification and scientific names": 1.0,
        "Climate change": 1.0,
        "Colonial America": 0.5263157894736842,
        "Context clues": 1.0,
        "Descriptive details": 1.0,
        "Designing experiments": 1.0,
        "Domain-specific vocabulary": 0.75,
        "Early 19th century American history": 1.0,
        "Earth events": 1.0,
        "Ecological interactions": 0.6666666666666666,
        "Ecosystems": 0.8082191780821918,
        "Engineering practices": 0.9818181818181818,
        "English colonies in North America": 0.4358974358974359,
        "Force and motion": 1.0,
        "Fossils": 0.8181818181818182,
        "Genes to traits": 0.34210526315789475,
        "Geography": 0.8809523809523809,
        "Government": 1.0,
        "Greece": 1.0,
        "Independent reading comprehension": 1.0,
        "Informational texts: level 1": 1.0,
        "Kinetic and potential energy": 1.0,
        "Magnets": 0.4727272727272727,
        "Maps": 0.8043478260869565,
        "Materials": 0.9790209790209791,
        "Medieval Asia": 1.0,
        "Oceania: geography": 0.3137254901960784,
        "Oceans and continents": 0.8421052631578947,
        "Oceans and continents\t": 0.75,
        "Particle motion and energy": 0.5853658536585366,
        "Persuasive strategies": 0.9090909090909091,
        "Photosynthesis": 1.0,
        "Physical Geography": 0.8235294117647058,
        "Plant reproduction": 1.0,
        "Plants": 0.5,
        "Plate tectonics": 1.0,
        "Read-alone texts": 1.0,
        "Rocks and minerals": 0.9310344827586207,
        "Scientific names": 1.0,
        "Solutions": 0.46296296296296297,
        "State capitals": 0.9903846153846154,
        "States": 0.5,
        "States of matter": 1.0,
        "The American Revolution": 1.0,
        "The Americas: geography": 0.24444444444444444,
        "The Antebellum period": 1.0,
        "The Civil War and Reconstruction": 1.0,
        "Thermal energy": 0.8636363636363636,
        "Topographic maps": 1.0,
        "Velocity, acceleration, and forces": 0.3548387096774194,
        "Visual elements": 0.7777777777777778,
        "Water cycle": 1.0,
        "Weather and climate": 0.8620689655172413,
        "World religions": 1.0
      },
      "per_grade_accuracy": {
        "grade1": 1.0,
        "grade12": 0.8,
        "grade2": 0.9230769230769231,
        "grade3": 0.9093567251461988,
        "grade4": 0.8670360110803325,
        "grade5": 0.8660714285714286,
        "grade6": 0.7121771217712177,
        "grade7": 0.6619217081850534,
        "grade8": 0.6125827814569537
      },
      "mean_prompt_tokens": 221.90233019335648,
      "mean_original_tokens": 261.82845810609814,
      "mean_retained_tokens": 130.88943976202282,
      "median_retained_tokens": 132,
      "min_retained_tokens": 115,
      "max_retained_tokens": 140,
      "mean_effective_keep": 0.49990251612547454,
      "metadata_missing": 0,