{
  "dataset": "lmms-lab/VizWiz-VQA (val)",
  "benchmark": "vizwiz",
  "model": "google/gemma-4-e4b-it",
  "method": "hydart",
  "num_samples": 4319,
  "seed": 0,
  "manifest": "/home/younes/hiprune/benchmarks/vizwiz_methods/sample_manifest.json",
  "population": {
    "total_rows": 4319,
    "rows_with_image": 4319,
    "rows_without_image": 0,
    "evaluated_rows": 4319
  },
  "results": [
    {
      "method": "hydart",
      "label": "0.75",
      "requested_keep": 0.75,
      "ratio": 0.75,
      "num_samples": 4319,
      "accuracy": 0.5827043297059504,
      "vqa_accuracy": 0.5827043297059504,
      "zero_credit": 1422,
      "unanswerable_pred_rate": 0.474183838851586,
      "per_category_accuracy": {
        "number": 0.53125,
        "other": 0.4361204013377926,
        "unanswerable": 0.8711913357400721,
        "yes/no": 0.5692307692307692
      },
      "mean_prompt_tokens": 245.77147487844408,
      "mean_original_tokens": 265.958555221116,
      "mean_retained_tokens": 199.9657328085205,
      "median_retained_tokens": 200,
      "min_retained_tokens": 188,
      "max_retained_tokens": 204,
      "mean_effective_keep": 0.7518677492663874,
      "metadata_missing": 0,
      "accuracy_pass_seconds": 281.71969100798015
    },
    {
      "method": "hydart",
      "label": "0.50",
      "requested_keep": 0.5,
      "ratio": 0.5,
      "num_samples": 4319,
      "accuracy": 0.5810835841630007,
      "vqa_accuracy": 0.5810835841630007,
      "zero_credit": 1421,
      "unanswerable_pred_rate": 0.5075248900208381,
      "per_category_accuracy": {
        "number": 0.4979166666666666,
        "other": 0.43206986250464513,
        "unanswerable": 0.8773285198555956,
        "yes/no": 0.5538461538461539
      },
      "mean_prompt_tokens": 178.78513544802038,
      "mean_original_tokens": 265.958555221116,
      "mean_retained_tokens": 132.97939337809677,
      "median_retained_tokens": 133,
      "min_retained_tokens": 125,
      "max_retained_tokens": 136,
      "mean_effective_keep": 0.5000004539903482,
      "metadata_missing": 0,
      "accuracy_pass_seconds": 254.59155730699422
    },
    {
      "method": "hydart",
      "label": "0.25",
      "requested_keep": 0.25,
      "ratio": 0.25,
      "num_samples": 4319,
      "accuracy": 0.5774484834452419,
      "vqa_accuracy": 0.5774484834452419,
      "zero_credit": 1414,
      "unanswerable_pred_rate": 0.5855522111599908,
      "per_category_accuracy": {
        "number": 0.4770833333333333,
        "other": 0.4150501672240803,
        "unanswerable": 0.9053429602888088,
        "yes/no": 0.5143589743589744
      },
      "mean_prompt_tokens": 111.7985644825191,
      "mean_original_tokens": 265.958555221116,
      "mean_retained_tokens": 65.9928224125955,
      "median_retained_tokens": 66,
      "min_retained_tokens": 62,
      "max_retained_tokens": 68,
      "mean_effective_keep": 0.24813225073361256,
      "metadata_missing": 0,
      "accuracy_pass_seconds": 228.6022981540009
    },
    {
      "method": "hydart",
      "label": "0.14",
      "requested_keep": 0.14,
      "ratio": 0.14,
      "num_samples": 4319,
      "accuracy": 0.5605695762908081,
      "vqa_accuracy": 0.5605695762908081,
      "zero_credit": 1480,
      "unanswerable_pred_rate": 0.6432044454734892,
      "per_category_accuracy": {
        "number": 0.45625,
        "other": 0.3853586027499071,
        "unanswerable": 0.9166064981949459,
        "yes/no": 0.4753846153846154
      },
      "mean_prompt_tokens": 82.80018522806205,
      "mean_original_tokens": 265.958555221116,
      "mean_retained_tokens": 36.99444315813846,
      "median_retained_tokens": 37,
      "min_retained_tokens": 35,
      "max_retained_tokens": 38,
      "mean_effective_keep": 0.13909857122131822,
      "metadata_missing": 0,
      "accuracy_pass_seconds": 216.5123283379944
    }
  ]
}